timestamp,coin,price,change_24h_%,volume_24h,market_cap,rsi,volatility,sma_20,google_trend_btc,google_trend_eth,fear_greed_index,reddit_sentiment,SP500,Gold,USD_Index
2025-12-07 18:43:18.609188+00:00,bitcoin,91479,2.03544,31180654821,1.82928E+12,68.79128779,0.001780795,91028.21893,93,19,20,0.4643,685.69,386.44,116.4415463
2025-12-07 18:43:19.062118+00:00,ethereum,3136.31,2.91141,18734496121,3.78539E+11,63.62699258,0.00202129,3113.47141,93,19,20,0.4643,685.69,386.44,116.4415463
2025-12-07 18:44:20.602348+00:00,tether,1,0.0018,55003093895,1.85674E+11,70.47184391,1.73E-05,1.00020002,93,19,20,0.4643,685.69,386.44,116.4415463
2025-12-07 18:45:22.009843+00:00,ripple,2.1,3.30531,2450544786,1.26978E+11,76.71020904,0.001170614,2.08971904,93,19,20,0.4643,685.69,386.44,116.4415463
2025-12-07 18:45:22.350418+00:00,binancecoin,903.39,1.27329,1261122515,1.24441E+11,57.20150971,0.001436207,900.6082383,93,19,20,0.4643,685.69,386.44,116.4415463
2025-12-07 18:46:23.840022+00:00,usd-coin,0.99981,0.01002,6252623727,78112703326,54.91331926,7.68E-05,0.999751855,93,19,20,0.4643,685.69,386.44,116.4415463
2025-12-07 18:47:25.260554+00:00,solana,135.95,2.26303,3828817694,76217824623,86.7762355,0.001160879,134.7169235,93,19,20,0.4643,685.69,386.44,116.4415463
2025-12-07 18:47:25.759753+00:00,staked-ether,3133.58,2.90141,22820988,27170725770,68.10768507,0.001668209,3111.700336,93,19,20,0.4643,685.69,386.44,116.4415463
2025-12-07 18:48:27.279772+00:00,tron,0.286712,-0.02529,525410357,27146347680,85.40125774,0.000215716,0.286376771,93,19,20,0.4643,685.69,386.44,116.4415463
2025-12-07 18:48:27.689737+00:00,dogecoin,0.14244,1.66042,963655383,23019379058,67.37428501,0.001485685,0.141502904,93,19,20,0.4643,685.69,386.44,116.4415463
,,,,,,,,,,,,,,,
,,,,,,,,,,,,,,,
,,,,,,,,,,,,,,,
,,,,,,,,,,,,,,,
,,,,,,,,,,,,,,,
,,,,,,,,,,,,,,,
